{"1": 0.0, "2": 0.6421052631578947, "3": 0.6255639097744361, "4": 0.5319548872180455, "5": 0.4689223057644111, "6": 0.4561403508771925, "7": 0.4510651629072684, "8": 0.3342337987826705, "9": 0.32255639097744243, "10": 0.2771631459601365} 